ensembl_transcript_id,Classifier_Importance
ENSCGRT00001019624,0.008182163310172684
ENSCGRT00001001128,0.0070544490672974055
ENSCGRT00001020626,0.006477375408455527
ENSCGRT00001021457,0.0063433970512313765
ENSCGRT00001026648,0.005965452049680477
ENSCGRT00001026501,0.004886558794103138
ENSCGRT00001022087,0.004497378643163569
ENSCGRT00001023082,0.004494360071320852
ENSCGRT00001024323,0.004393062902261813
ENSCGRT00001016853,0.004376274012742483
ENSCGRT00001001975,0.004220777428197854
ENSCGRT00001018662,0.0041941732738051485
ENSCGRT00001021567,0.004187431948099082
ENSCGRT00001018535,0.004086818990774368
ENSCGRT00001014214,0.0040669377404841615
ENSCGRT00001014678,0.004059060145253032
ENSCGRT00001032140,0.003977620868549648
ENSCGRT00001024635,0.003973274125574966
ENSCGRT00001027554,0.003937962151713707
ENSCGRT00001022813,0.0039112290538027925
ENSCGRT00001029424,0.003774645677173182
ENSCGRT00001018252,0.0037151820229857557
ENSCGRT00001024626,0.003709727295728111
ENSCGRT00001026982,0.003706663407388903
ENSCGRT00001001456,0.0036526871984881803
ENSCGRT00001006357,0.0035807028340068712
ENSCGRT00001000226,0.0035747661260590526
ENSCGRT00001000641,0.0035573673847917563
ENSCGRT00001020370,0.003542230755820564
ENSCGRT00001021365,0.003536036412654341
ENSCGRT00001031128,0.00353174721811974
ENSCGRT00001013344,0.003506210281132326
ENSCGRT00001027234,0.003494481251130778
ENSCGRT00001019401,0.003481649496582734
ENSCGRT00001009891,0.0033929455266339197
ENSCGRT00001013871,0.003381679158704942
ENSCGRT00001001523,0.003332157063291071
ENSCGRT00001009732,0.003280016411436798
ENSCGRT00001001192,0.003279562923780921
ENSCGRT00001030196,0.003261543848631004
ENSCGRT00001029334,0.003212829138399417
ENSCGRT00001018936,0.003200406234277622
ENSCGRT00001020675,0.0031884239567673087
ENSCGRT00001007795,0.0031857434445439576
ENSCGRT00001023552,0.0031810711628713325
ENSCGRT00001029665,0.0031516561437413613
ENSCGRT00001023366,0.003114484975758992
ENSCGRT00001012292,0.0030985343215600087
ENSCGRT00001029582,0.0030917672882867326
ENSCGRT00001011860,0.0030802248259453285
ENSCGRT00001004993,0.0030758172532359424
ENSCGRT00001014316,0.0030744866697349845
ENSCGRT00001027531,0.0030658069620974615
ENSCGRT00001012034,0.003062004269125562
ENSCGRT00001004010,0.0030591091125042585
ENSCGRT00001031058,0.003047084277615733
ENSCGRT00001015448,0.0030414691749626687
ENSCGRT00001014085,0.0030253347559037707
ENSCGRT00001022794,0.0029848915158540695
ENSCGRT00001005014,0.002962072780565404
ENSCGRT00001026854,0.0029326558586231493
ENSCGRT00001023166,0.0029277475005729152
ENSCGRT00001020438,0.002915680749715055
ENSCGRT00001021737,0.002880453953381991
ENSCGRT00001015716,0.002863987339498125
ENSCGRT00001017209,0.0028625826798852148
ENSCGRT00001028474,0.0028520650074729042
ENSCGRT00001009556,0.002850488828911087
ENSCGRT00001019355,0.0028383727644633655
ENSCGRT00001024305,0.0028358380555012193
ENSCGRT00001024048,0.0028344466589468363
ENSCGRT00001009142,0.002831938073169869
ENSCGRT00001003670,0.002827150589755636
ENSCGRT00001024421,0.0028227466079110974
ENSCGRT00001018165,0.002808787130217783
ENSCGRT00001011932,0.0027883356905422578
ENSCGRT00001008524,0.0027812390800366726
ENSCGRT00001020156,0.0027733012253261104
ENSCGRT00001018271,0.00276753825599918
ENSCGRT00001000595,0.0027654132271211114
ENSCGRT00001016194,0.00275828295795197
ENSCGRT00001012772,0.0027551424477472
ENSCGRT00001018493,0.002740394551416224
ENSCGRT00001028280,0.0027168487148789256
ENSCGRT00001023235,0.0027042559069887836
ENSCGRT00001016587,0.002701207443070621
ENSCGRT00001023198,0.00269601292692307
ENSCGRT00001000578,0.0026951363317292937
ENSCGRT00001000393,0.0026818025808035984
ENSCGRT00001027967,0.0026780219608681715
ENSCGRT00001000934,0.0026533184287165267
ENSCGRT00001013035,0.002647227045662781
ENSCGRT00001011513,0.0026299563818124976
ENSCGRT00001023838,0.0026185344354883134
ENSCGRT00001024241,0.00260913511529972
ENSCGRT00001021072,0.0026086380336089437
ENSCGRT00001005223,0.0026054667510408253
ENSCGRT00001028850,0.0026042840774024596
ENSCGRT00001031613,0.002603996285333312
ENSCGRT00001022322,0.002599453823371872
ENSCGRT00001027777,0.002599413295678623
ENSCGRT00001011848,0.0025914506997305447
ENSCGRT00001006512,0.0025888006886159386
ENSCGRT00001020249,0.0025874356250515616
ENSCGRT00001002078,0.002578328363121023
ENSCGRT00001022577,0.002553415358627562
ENSCGRT00001009823,0.002551536381238963
ENSCGRT00001021546,0.002545451334956264
ENSCGRT00001017512,0.0025450497638715742
ENSCGRT00001022667,0.00254128686612597
ENSCGRT00001017412,0.0025286817687669018
ENSCGRT00001029968,0.0025273112030841332
ENSCGRT00001001027,0.00248503773001315
ENSCGRT00001016326,0.0024811459500740985
ENSCGRT00001022536,0.002468444861809309
ENSCGRT00001028832,0.002468092369002687
ENSCGRT00001018698,0.0024548428527837703
ENSCGRT00001021984,0.00244984113996825
ENSCGRT00001025943,0.0024422723666922426
ENSCGRT00001032524,0.002435210360098539
ENSCGRT00001014933,0.002412154090002177
ENSCGRT00001022996,0.0024052631638991784
ENSCGRT00001031385,0.002404185094427332
ENSCGRT00001005222,0.002399892602807983
ENSCGRT00001024065,0.0023919917553015323
ENSCGRT00001022226,0.002386225285578661
ENSCGRT00001006227,0.002369942334564977
ENSCGRT00001014903,0.0023531416378730716
ENSCGRT00001010649,0.0023465891991123343
ENSCGRT00001021369,0.002339275963447982
ENSCGRT00001028983,0.0023389268040858303
ENSCGRT00001002654,0.002336090789111554
ENSCGRT00001026638,0.002324580836798404
ENSCGRT00001016892,0.0023176520571280613
ENSCGRT00001000894,0.002317555465767043
ENSCGRT00001010651,0.0023042029144778693
ENSCGRT00001028070,0.002289415927809943
ENSCGRT00001025867,0.002285774912019743
ENSCGRT00001008211,0.0022816361434884473
ENSCGRT00001023167,0.002263317409152896
ENSCGRT00001000009,0.002263086121253738
ENSCGRT00001024149,0.0022626691706073066
ENSCGRT00001024381,0.002262326093152695
ENSCGRT00001029147,0.002260159908096372
ENSCGRT00001007557,0.0022508970015858746
ENSCGRT00001028810,0.002245192801947613
ENSCGRT00001018898,0.0022393427744408496
ENSCGRT00001013510,0.002238883216621791
ENSCGRT00001030694,0.0022367936140296764
ENSCGRT00001003117,0.0022364781468894035
ENSCGRT00001017009,0.002234204659420086
ENSCGRT00001031780,0.002199411493824969
ENSCGRT00001016487,0.0021872963177240025
ENSCGRT00001023631,0.002183186205173979
ENSCGRT00001022433,0.002173525845966855
ENSCGRT00001018726,0.0021418634281983547
ENSCGRT00001017672,0.0021373871717796453
ENSCGRT00001016720,0.0021319581424572216
ENSCGRT00001020622,0.0021306591546329935
ENSCGRT00001032236,0.0021147841948254
ENSCGRT00001031449,0.002113516430630638
ENSCGRT00001001257,0.0021055410551268495
ENSCGRT00001009705,0.0021011316206208607
ENSCGRT00001029827,0.0020993142772481647
ENSCGRT00001031671,0.0020875402304354213
ENSCGRT00001016789,0.002086748951190397
ENSCGRT00001012958,0.0020819012769800454
ENSCGRT00001004252,0.002074036312312103
ENSCGRT00001001852,0.002061433816862906
ENSCGRT00001000931,0.0020606377730118318
ENSCGRT00001018257,0.0020523189479479246
ENSCGRT00001021197,0.0020489238354942066
ENSCGRT00001000779,0.0020236458920475826
ENSCGRT00001023271,0.0020208489140951173
ENSCGRT00001004172,0.0020120312259712825
ENSCGRT00001020374,0.0020117796562802858
ENSCGRT00001025211,0.0020066774542755587
ENSCGRT00001000445,0.0019927539849629713
ENSCGRT00001005540,0.001991890489395478
ENSCGRT00001028125,0.0019895036600261723
ENSCGRT00001026642,0.0019838545108044705
ENSCGRT00001013422,0.0019785535151312307
ENSCGRT00001025228,0.001973960658553787
ENSCGRT00001025961,0.0019724178564163846
ENSCGRT00001022566,0.0019677222819248215
ENSCGRT00001022273,0.001964906656998999
ENSCGRT00001024620,0.0019633638566556337
ENSCGRT00001011939,0.0019589896214428654
ENSCGRT00001016793,0.0019433354602772846
ENSCGRT00001019125,0.0019409748591248728
ENSCGRT00001022789,0.001936992521764618
ENSCGRT00001016958,0.0019342258156207599
ENSCGRT00001032020,0.001924739487480998
ENSCGRT00001028512,0.0019166695032041975
ENSCGRT00001022617,0.001910792336417242
ENSCGRT00001032448,0.0019093642412626505
ENSCGRT00001023826,0.0019011555494295243
ENSCGRT00001023317,0.0018924207734697738
ENSCGRT00001017068,0.001887868568220242
ENSCGRT00001009476,0.0018834728029644848
ENSCGRT00001012531,0.001882210696045424
ENSCGRT00001021221,0.0018657982983606236
ENSCGRT00001001338,0.0018556793031930562
ENSCGRT00001032166,0.0018552053136450231
ENSCGRT00001025693,0.0018469255828102897
ENSCGRT00001000373,0.0018433659962440619
ENSCGRT00001012316,0.0018257761583763508
ENSCGRT00001013137,0.0018222789398647718
ENSCGRT00001031159,0.0018209509520919031
ENSCGRT00001019342,0.0018035439872828773
ENSCGRT00001018744,0.001801508797641801
ENSCGRT00001029562,0.0017941512758360694
ENSCGRT00001022240,0.0017858990458520122
ENSCGRT00001000629,0.0017814046756376236
ENSCGRT00001004351,0.0017786976929322768
ENSCGRT00001030099,0.0017781646515068828
ENSCGRT00001000017,0.0017723584488356003
ENSCGRT00001024992,0.0017718438641833093
ENSCGRT00001030263,0.0017686602555579173
ENSCGRT00001027625,0.0017621713079572071
ENSCGRT00001027593,0.0017524070256633095
ENSCGRT00001027158,0.001750526944744032
ENSCGRT00001023153,0.0017453622239245192
ENSCGRT00001017511,0.0017416572004772795
ENSCGRT00001020843,0.0017381719487199964
ENSCGRT00001004648,0.0017223466110430588
ENSCGRT00001030312,0.0017175074682664198
ENSCGRT00001025537,0.0017161453278772526
ENSCGRT00001003682,0.0017026256863551955
ENSCGRT00001012336,0.001701915188414298
ENSCGRT00001027041,0.0017002543449434757
ENSCGRT00001027079,0.0016959745608734636
ENSCGRT00001020595,0.0016955419703454826
ENSCGRT00001021700,0.0016906284337101672
ENSCGRT00001017503,0.001684958523563111
ENSCGRT00001004827,0.0016756472869550645
ENSCGRT00001021972,0.0016601776949160738
ENSCGRT00001019080,0.0016333135604965788
ENSCGRT00001026255,0.0016327111788286078
ENSCGRT00001029851,0.0016271927231872405
ENSCGRT00001026510,0.001626301231209869
ENSCGRT00001029379,0.0016223891015660463
ENSCGRT00001006856,0.0016219246615824738
ENSCGRT00001020638,0.0016161977133824829
ENSCGRT00001005398,0.0016085963862168301
ENSCGRT00001024631,0.0015875126837408596
ENSCGRT00001019656,0.001584565862635051
ENSCGRT00001021520,0.0015785580062768656
ENSCGRT00001007764,0.0015773376686268987
ENSCGRT00001002918,0.0015769067386714524
ENSCGRT00001023206,0.0015761648158882538
ENSCGRT00001028787,0.001571356439335325
ENSCGRT00001020842,0.0015328240865368776
ENSCGRT00001032148,0.0015268887418131388
ENSCGRT00001021242,0.001520649020055607
ENSCGRT00001005935,0.001517027564910245
ENSCGRT00001024909,0.0015144315826719843
ENSCGRT00001031458,0.0014972720699401826
ENSCGRT00001025310,0.0014965112535258885
ENSCGRT00001025811,0.0014938812388535345
ENSCGRT00001031470,0.001488006294906849
ENSCGRT00001028537,0.0014864556249156407
ENSCGRT00001015131,0.001474429002783258
ENSCGRT00001005696,0.0014729426722940946
ENSCGRT00001016733,0.0014530479235405518
ENSCGRT00001019485,0.0014523637131107895
ENSCGRT00001003347,0.0014422189524613731
ENSCGRT00001023396,0.0014332619278939127
ENSCGRT00001017027,0.0014196064350356743
ENSCGRT00001032551,0.0014158492817916985
ENSCGRT00001007855,0.001408017724599139
ENSCGRT00001008027,0.001379733204528989
ENSCGRT00001015023,0.0013724194849184454
ENSCGRT00001001214,0.0013690820610442842
ENSCGRT00001021562,0.0013670744986410363
ENSCGRT00001023432,0.0013625020910645264
ENSCGRT00001001170,0.0013521100485996296
ENSCGRT00001021552,0.0013391006365203741
ENSCGRT00001024862,0.0013343039115770658
ENSCGRT00001031272,0.0013205580903669744
ENSCGRT00001024139,0.0013194664319505429
ENSCGRT00001017013,0.0012991673531536746
ENSCGRT00001014927,0.0012760013059241787
ENSCGRT00001015790,0.001270383873858114
ENSCGRT00001022300,0.0012627674139178298
ENSCGRT00001016330,0.0012615472788046242
ENSCGRT00001008596,0.00125638575844462
ENSCGRT00001021622,0.0012368559115386118
ENSCGRT00001000802,0.00123474022641499
ENSCGRT00001007006,0.0012299753062256947
ENSCGRT00001008797,0.0012264971587222454
ENSCGRT00001019044,0.001226170703862307
ENSCGRT00001022753,0.0012206128371878057
ENSCGRT00001027087,0.0012043548161264782
ENSCGRT00001031105,0.0012016977651705535
ENSCGRT00001026725,0.0011996393881429466
ENSCGRT00001022526,0.0011992787902304174
ENSCGRT00001010951,0.0011953735759391729
ENSCGRT00001001076,0.0011849238648953952
ENSCGRT00001029644,0.0011832565538419182
ENSCGRT00001019473,0.0011808200776682095
ENSCGRT00001003590,0.0011701886369626959
ENSCGRT00001032521,0.0011653121237115416
ENSCGRT00001009315,0.0011595241197397308
ENSCGRT00001028397,0.0011570531171940862
ENSCGRT00001019978,0.001152296285892859
ENSCGRT00001000680,0.001137610354925002
ENSCGRT00001025724,0.001136342013295531
ENSCGRT00001030928,0.001135805997145168
ENSCGRT00001030759,0.001131720625039585
ENSCGRT00001021344,0.001125492474057688
ENSCGRT00001031699,0.0011152153404626645
ENSCGRT00001022393,0.001107435236414466
ENSCGRT00001021485,0.0011056587656697637
ENSCGRT00001024972,0.001099050284804428
ENSCGRT00001029999,0.001097602264167816
ENSCGRT00001029693,0.0010959162883228493
ENSCGRT00001002052,0.0010878044808048427
ENSCGRT00001024709,0.0010876562021575275
ENSCGRT00001029674,0.0010833708487090143
ENSCGRT00001028333,0.0010782473482695092
ENSCGRT00001025850,0.0010760446779142757
ENSCGRT00001029122,0.001075811451936937
ENSCGRT00001013846,0.0010710064754730687
ENSCGRT00001029274,0.001066602292536989
ENSCGRT00001008582,0.0010623989732398244
ENSCGRT00001001012,0.001053536574079919
ENSCGRT00001022007,0.0010532542922588334
ENSCGRT00001028592,0.0010460681312135798
ENSCGRT00001018092,0.0010449483875073617
ENSCGRT00001006845,0.0010408301837862874
ENSCGRT00001013622,0.0010387444690100915
ENSCGRT00001017360,0.001038681672374411
ENSCGRT00001024077,0.0010362881242556871
ENSCGRT00001022671,0.0010339914793513756
ENSCGRT00001024919,0.0010315137063994296
ENSCGRT00001026647,0.0010269410743674397
ENSCGRT00001032323,0.0010173896765243427
ENSCGRT00001016271,0.001016959945649599
ENSCGRT00001019126,0.0010019652417124093
ENSCGRT00001018545,0.001001131451495142
ENSCGRT00001029568,0.0009929756502380968
ENSCGRT00001013675,0.0009765776158227146
ENSCGRT00001001258,0.0009750821270382258
ENSCGRT00001000828,0.0009741934130480383
ENSCGRT00001028597,0.000971531818150389
ENSCGRT00001030518,0.0009700312363716316
ENSCGRT00001029820,0.0009642648542452105
ENSCGRT00001028627,0.0009604863351725102
ENSCGRT00001028943,0.0009602014954524973
ENSCGRT00001027038,0.0009586488204057298
ENSCGRT00001019020,0.0009569347599392952
ENSCGRT00001019962,0.0009550568238425737
ENSCGRT00001005322,0.0009539000083125982
ENSCGRT00001021699,0.0009497103420930295
ENSCGRT00001009280,0.0009472260622499143
ENSCGRT00001001594,0.0009452644764202726
ENSCGRT00001016664,0.0009342393801884635
ENSCGRT00001025663,0.000931091888485186
ENSCGRT00001024885,0.0009310454501923572
ENSCGRT00001025151,0.0009305781074304327
ENSCGRT00001018854,0.000923234631428882
ENSCGRT00001017431,0.0009208381695194516
ENSCGRT00001006480,0.0009201115788971209
ENSCGRT00001026858,0.0009170007634031322
ENSCGRT00001009021,0.0009154539867121117
ENSCGRT00001023377,0.0009074104718671819
ENSCGRT00001013921,0.0009014748753801585
ENSCGRT00001025202,0.0008980327719202152
ENSCGRT00001030448,0.0008946467856269852
ENSCGRT00001012050,0.0008891050510844663
ENSCGRT00001019769,0.0008843479643939996
ENSCGRT00001014011,0.0008839702911430545
ENSCGRT00001015427,0.000883756034011993
ENSCGRT00001020075,0.0008828827135789613
ENSCGRT00001000862,0.0008816440093518338
ENSCGRT00001004608,0.0008802995006810815
ENSCGRT00001028222,0.0008696489871343923
ENSCGRT00001008298,0.0008668929480970193
ENSCGRT00001019888,0.0008646758972408034
ENSCGRT00001020558,0.0008644531594470213
ENSCGRT00001024161,0.0008598005904305743
ENSCGRT00001029457,0.0008597857998877188
ENSCGRT00001028267,0.0008480850620231538
ENSCGRT00001025052,0.0008463270465711445
ENSCGRT00001029514,0.0008437356584925642
ENSCGRT00001028603,0.0008418795450097488
ENSCGRT00001029731,0.0008369000250122924
ENSCGRT00001028233,0.0008329802084690135
ENSCGRT00001018477,0.0008298986961149065
ENSCGRT00001016313,0.0008275395453447041
ENSCGRT00001027648,0.0008225651788558504
ENSCGRT00001000646,0.0008166470661054748
ENSCGRT00001028739,0.0008156908595875128
ENSCGRT00001025552,0.0008149262552331714
ENSCGRT00001023744,0.0008126263662711159
ENSCGRT00001020837,0.0008106001019634793
ENSCGRT00001023888,0.0008077295419743563
ENSCGRT00001018460,0.0008071908543502922
ENSCGRT00001028956,0.0008049491580206366
ENSCGRT00001001040,0.0007987322738936656
ENSCGRT00001024388,0.0007970612535059474
ENSCGRT00001010555,0.000796917735048419
ENSCGRT00001015760,0.000796589902156654
ENSCGRT00001022314,0.0007964863912826447
ENSCGRT00001027673,0.0007938415140070437
ENSCGRT00001027199,0.0007921629092018388
ENSCGRT00001002026,0.0007918203090832875
ENSCGRT00001021400,0.0007890924421620606
ENSCGRT00001007398,0.0007888605403595209
ENSCGRT00001028528,0.0007872497972260757
ENSCGRT00001013660,0.0007849725263532827
ENSCGRT00001023986,0.0007787459118900295
ENSCGRT00001012434,0.0007624612248784223
ENSCGRT00001019130,0.0007569486094543861
ENSCGRT00001000736,0.0007561975056216501
ENSCGRT00001004634,0.0007546991025377145
ENSCGRT00001011454,0.0007523151480313962
ENSCGRT00001022674,0.0007505836258047796
ENSCGRT00001020900,0.0007504391294184288
ENSCGRT00001011623,0.0007488436132585166
ENSCGRT00001028938,0.0007473144878244112
ENSCGRT00001013463,0.0007455210666824112
ENSCGRT00001029650,0.0007448392329400269
ENSCGRT00001009352,0.000742851723040023
ENSCGRT00001030679,0.0007399642798888348
ENSCGRT00001017345,0.000731813574991256
ENSCGRT00001015648,0.0007318002946080826
ENSCGRT00001016583,0.0007301881476694748
ENSCGRT00001023771,0.000727259467761231
ENSCGRT00001004485,0.0007271214047138649
ENSCGRT00001026392,0.0007242547613539971
ENSCGRT00001024306,0.0007214089661482148
ENSCGRT00001024600,0.0007197158190156143
ENSCGRT00001019072,0.000714184663837093
ENSCGRT00001029461,0.0007122602766122479
ENSCGRT00001005528,0.0007114573539288102
ENSCGRT00001028184,0.0007103614653232493
ENSCGRT00001023598,0.0007098400374553105
ENSCGRT00001017315,0.000709030215609814
ENSCGRT00001024646,0.0007062428265681193
ENSCGRT00001031676,0.0007061696931082087
ENSCGRT00001026785,0.0007033690728453361
ENSCGRT00001019677,0.000702160889135584
ENSCGRT00001000533,0.0006998375646609695
ENSCGRT00001009688,0.000694800976724528
ENSCGRT00001007785,0.0006938223113969903
ENSCGRT00001020859,0.0006905667710907736
ENSCGRT00001032561,0.0006892993068563214
ENSCGRT00001018464,0.0006853973538551722
ENSCGRT00001029114,0.0006806952208272103
ENSCGRT00001007454,0.0006788227539312135
ENSCGRT00001030094,0.0006742956984892917
ENSCGRT00001027938,0.000667444296014714
ENSCGRT00001008071,0.0006661287316348626
ENSCGRT00001025329,0.0006644760957543649
ENSCGRT00001023314,0.000662654476674806
ENSCGRT00001018702,0.0006616128067065877
ENSCGRT00001019089,0.0006560351112793173
ENSCGRT00001007626,0.0006555698773661522
ENSCGRT00001020079,0.000652591436549602
ENSCGRT00001012030,0.0006515323920587563
ENSCGRT00001013988,0.0006510659664555412
ENSCGRT00001027175,0.0006475024198104851
ENSCGRT00001006542,0.000644004260771884
ENSCGRT00001015465,0.0006435260672825117
ENSCGRT00001027964,0.0006420150405569609
ENSCGRT00001026840,0.0006417209155689723
ENSCGRT00001022720,0.000641688887312256
ENSCGRT00001025576,0.0006398623525831536
ENSCGRT00001019916,0.0006380725688446622
ENSCGRT00001028370,0.0006352460623557956
ENSCGRT00001024661,0.0006349914814435983
ENSCGRT00001004989,0.000633373126409338
ENSCGRT00001019451,0.0006322659596929129
ENSCGRT00001024207,0.0006320772126670107
ENSCGRT00001007661,0.0006278151089391137
ENSCGRT00001022078,0.0006219250974334123
ENSCGRT00001021426,0.0006192554153398594
ENSCGRT00001019825,0.0006164596798304221
ENSCGRT00001002157,0.0006164570779587618
ENSCGRT00001030989,0.0006137702173458075
ENSCGRT00001026544,0.00061118351488922
ENSCGRT00001017146,0.0006040721757359092
ENSCGRT00001021944,0.0006037965835862112
ENSCGRT00001009291,0.0006009175186953447
ENSCGRT00001021171,0.0005982716797715249
ENSCGRT00001021064,0.0005976166891730454
ENSCGRT00001022680,0.0005953708279220378
ENSCGRT00001018972,0.0005953280050976665
ENSCGRT00001022090,0.0005943047035204363
ENSCGRT00001011306,0.0005926507966184753
ENSCGRT00001017804,0.0005902273019372786
ENSCGRT00001012419,0.0005891576393153328
ENSCGRT00001021909,0.0005881785044443399
ENSCGRT00001017240,0.0005859607683431752
ENSCGRT00001000216,0.0005853989444693175
ENSCGRT00001021577,0.0005831389370654753
ENSCGRT00001021593,0.0005830901214080797
ENSCGRT00001028051,0.0005820539388376998
ENSCGRT00001011581,0.0005820087336244554
ENSCGRT00001006256,0.000580376018041759
ENSCGRT00001019636,0.000578232002637137
ENSCGRT00001019281,0.0005754528458982344
ENSCGRT00001032179,0.0005747409740289378
ENSCGRT00001026030,0.000573936690051554
ENSCGRT00001006513,0.0005736314933972513
ENSCGRT00001030456,0.000573461776585393
ENSCGRT00001002236,0.0005709564491537733
ENSCGRT00001009221,0.0005709019795944785
ENSCGRT00001030559,0.0005670662015463605
ENSCGRT00001014288,0.0005644918393096991
ENSCGRT00001018345,0.0005643377389981109
ENSCGRT00001001947,0.0005637459510196122
ENSCGRT00001017928,0.0005635905811261901
ENSCGRT00001010379,0.000563496703530698
ENSCGRT00001016825,0.0005588119865419026
ENSCGRT00001012492,0.0005570737110265293
ENSCGRT00001031842,0.0005563480315651334
ENSCGRT00001025291,0.0005550769460990121
ENSCGRT00001018882,0.00055460587999455
ENSCGRT00001030200,0.0005517138047067966
ENSCGRT00001026577,0.0005511665592694219
ENSCGRT00001015813,0.0005507588123304778
ENSCGRT00001019438,0.0005499758621457524
ENSCGRT00001013320,0.0005492172076580502
ENSCGRT00001025465,0.0005388544155939781
ENSCGRT00001022277,0.0005351854509701776
ENSCGRT00001030283,0.0005340271274596946
ENSCGRT00001011321,0.0005325204101809943
ENSCGRT00001031866,0.00053203852194509
ENSCGRT00001001964,0.000521265465011868
ENSCGRT00001028497,0.000520644122154737
ENSCGRT00001018828,0.0005180221165239943
ENSCGRT00001028308,0.0005175527126080406
ENSCGRT00001021091,0.0005162549225155476
ENSCGRT00001025575,0.0005136649784261234
ENSCGRT00001000837,0.0005112949806773133
ENSCGRT00001002811,0.0005096030874533606
ENSCGRT00001023406,0.000508560925361349
ENSCGRT00001018848,0.0005068748818748806
ENSCGRT00001002331,0.0005054266223521617
ENSCGRT00001029444,0.0005043467467429286
ENSCGRT00001021304,0.0005005982828207766
ENSCGRT00001018116,0.0004916772889787008
ENSCGRT00001004619,0.0004897956440204414
ENSCGRT00001020097,0.0004878324537244312
ENSCGRT00001008476,0.0004844183998374099
ENSCGRT00001028762,0.00048358500954807845
ENSCGRT00001023383,0.00048252787604072684
ENSCGRT00001029004,0.0004817684421608773
ENSCGRT00001011788,0.00047785081493745426
ENSCGRT00001000857,0.0004772987721848397
ENSCGRT00001026751,0.0004770600040577967
ENSCGRT00001012634,0.000476430976655864
ENSCGRT00001006929,0.00047430490261920783
ENSCGRT00001000297,0.0004731489840842676
ENSCGRT00001026960,0.0004721162884896102
ENSCGRT00001017019,0.00047086033826184315
ENSCGRT00001021607,0.00046982951881925183
ENSCGRT00001017002,0.0004695009843902217
ENSCGRT00001028532,0.0004692760955546969
ENSCGRT00001027268,0.0004681441948249403
ENSCGRT00001020492,0.00046785492098362186
ENSCGRT00001000936,0.0004676008445992266
ENSCGRT00001011267,0.00046742099417016207
ENSCGRT00001015032,0.0004642303741490674
ENSCGRT00001022387,0.0004585859983245341
ENSCGRT00001030483,0.0004555587231286124
ENSCGRT00001001805,0.00045465516603117036
ENSCGRT00001002075,0.0004539052787655768
ENSCGRT00001029328,0.00045353156315246294
ENSCGRT00001016812,0.00045276764670793224
ENSCGRT00001027667,0.00045273187733135107
ENSCGRT00001007502,0.00045201592503794257
ENSCGRT00001029885,0.0004503241094417022
ENSCGRT00001031475,0.00044883495756269635
ENSCGRT00001016080,0.00044777859441924215
ENSCGRT00001028275,0.00044644513247820545
ENSCGRT00001023846,0.00044600901374818437
ENSCGRT00001022542,0.0004428579505245257
ENSCGRT00001001918,0.00044281518774910906
ENSCGRT00001018923,0.00044205403716583393
ENSCGRT00001003941,0.0004417782329846124
ENSCGRT00001001179,0.00044155941308274
ENSCGRT00001024991,0.00044095595126523003
ENSCGRT00001027055,0.00044017775145793606
ENSCGRT00001014401,0.00043955064212430504
ENSCGRT00001015618,0.00043720547465775264
ENSCGRT00001020399,0.0004353806776453679
ENSCGRT00001030045,0.000434272292132937
ENSCGRT00001019856,0.00043425086786189895
ENSCGRT00001017275,0.0004338969492227751
ENSCGRT00001016155,0.0004329385035967414
ENSCGRT00001006697,0.0004325377317723942
ENSCGRT00001031679,0.0004324290167663663
ENSCGRT00001025459,0.0004304913571789914
ENSCGRT00001011130,0.00042711624854936144
ENSCGRT00001003274,0.00042237296813004045
ENSCGRT00001025601,0.00041622682410521187
ENSCGRT00001022707,0.0004142808453226574
ENSCGRT00001026160,0.0004132924233926609
ENSCGRT00001017445,0.00041079661060602104
ENSCGRT00001028285,0.0004102209072343186
ENSCGRT00001008594,0.000408052474315444
ENSCGRT00001025923,0.00040767761917919913
ENSCGRT00001025046,0.0004068496380618146
ENSCGRT00001031764,0.0004054387377875106
ENSCGRT00001008152,0.00040268978446893205
ENSCGRT00001020784,0.00040243900566156224
ENSCGRT00001006980,0.0004017018076380778
ENSCGRT00001026715,0.0004007827589712311
ENSCGRT00001018268,0.00040038282386629047
ENSCGRT00001000428,0.00039960205953121913
ENSCGRT00001000206,0.0003942120375083538
ENSCGRT00001024954,0.0003940271382840921
ENSCGRT00001023138,0.0003934302404080093
ENSCGRT00001002463,0.0003928614388156368
ENSCGRT00001012833,0.0003927840178457996
ENSCGRT00001028472,0.00039210455549398225
ENSCGRT00001013196,0.0003912215721572716
ENSCGRT00001028877,0.00039020197679415567
ENSCGRT00001015108,0.00038962484289007017
ENSCGRT00001012713,0.0003880667377459998
ENSCGRT00001019771,0.00038770888390471603
ENSCGRT00001028418,0.0003875425538053198
ENSCGRT00001019566,0.00038719435268669207
ENSCGRT00001032019,0.00038536846797130366
ENSCGRT00001027109,0.0003788019305875676
ENSCGRT00001009970,0.0003767406482137311
ENSCGRT00001024385,0.0003744782349433517
ENSCGRT00001023011,0.0003737623664741979
ENSCGRT00001018294,0.0003717707854343215
ENSCGRT00001030896,0.00037107072246104654
ENSCGRT00001031555,0.00037046022137524217
ENSCGRT00001028895,0.00036985318360776756
ENSCGRT00001032108,0.00036955458222417183
ENSCGRT00001000208,0.00036936063582945154
ENSCGRT00001028056,0.00036751506521905076
ENSCGRT00001003000,0.0003629946770498917
ENSCGRT00001021089,0.00036119113965899944
ENSCGRT00001022725,0.0003598049809763943
ENSCGRT00001031724,0.000358790887850469
ENSCGRT00001020861,0.00035836538314205533
ENSCGRT00001001694,0.00035796041674237243
ENSCGRT00001011173,0.0003561997840968727
ENSCGRT00001030025,0.0003547841503566392
ENSCGRT00001023761,0.00035427214637382613
ENSCGRT00001024659,0.0003515746744608555
ENSCGRT00001019484,0.000346398622895556
ENSCGRT00001021311,0.0003459432134130929
ENSCGRT00001006491,0.0003456349412734495
ENSCGRT00001000194,0.0003454939854072172
ENSCGRT00001014741,0.0003442275187799915
ENSCGRT00001000601,0.00034375174883876936
ENSCGRT00001022372,0.00034312484936129174
ENSCGRT00001000824,0.00033976347029064587
ENSCGRT00001000675,0.0003324149758080276
ENSCGRT00001031860,0.0003264770023790639
ENSCGRT00001000822,0.00032489071887216323
ENSCGRT00001018637,0.0003247503132020789
ENSCGRT00001031391,0.0003227112870940067
ENSCGRT00001014034,0.0003224984987849946
ENSCGRT00001010475,0.0003210824181547447
ENSCGRT00001000051,0.00032018536544582726
ENSCGRT00001016610,0.00031897057954164825
ENSCGRT00001019351,0.00031859007186390274
ENSCGRT00001030051,0.0003185544770171281
ENSCGRT00001027334,0.000309215290127767
ENSCGRT00001030379,0.0003068339209267183
ENSCGRT00001027543,0.000305926836491473
ENSCGRT00001021495,0.00030579201849920265
ENSCGRT00001012608,0.0003057691912905051
ENSCGRT00001027203,0.0003026705210269118
ENSCGRT00001032315,0.0003018098510882018
ENSCGRT00001016223,0.00029621195445637353
ENSCGRT00001012632,0.00029381698826154467
ENSCGRT00001029926,0.0002929684822395579
ENSCGRT00001016941,0.0002924306950582564
ENSCGRT00001023920,0.0002918980096387171
ENSCGRT00001019054,0.00029076485836534527
ENSCGRT00001008618,0.00029056059986704355
ENSCGRT00001024084,0.000289061688241085
ENSCGRT00001023602,0.00028881409255468194
ENSCGRT00001032105,0.0002874882173767402
ENSCGRT00001027311,0.0002829911325866791
ENSCGRT00001029815,0.00028287919090103124
ENSCGRT00001007380,0.00028207169207173646
ENSCGRT00001019837,0.00028188251683470726
ENSCGRT00001023291,0.0002791919490898298
ENSCGRT00001022272,0.0002771007428040854
ENSCGRT00001024461,0.0002720077744512933
ENSCGRT00001023230,0.0002691032067396244
ENSCGRT00001025742,0.0002677590374684099
ENSCGRT00001031852,0.0002673533162618968
ENSCGRT00001032102,0.0002671705944241392
ENSCGRT00001009513,0.00026468608637124775
ENSCGRT00001030888,0.0002597373908483852
ENSCGRT00001010943,0.00025912238410297493
ENSCGRT00001024524,0.0002572714278487395
ENSCGRT00001017755,0.0002571606280679616
ENSCGRT00001022597,0.0002568470326464055
ENSCGRT00001028330,0.00025600108299472687
ENSCGRT00001017841,0.0002550697398357899
ENSCGRT00001019059,0.00025211397967344544
ENSCGRT00001019640,0.00025004862455313865
ENSCGRT00001023550,0.0002490055350292324
ENSCGRT00001006789,0.00024763951720383533
ENSCGRT00001021343,0.0002475295650958221
ENSCGRT00001024053,0.00024729900825646125
ENSCGRT00001023949,0.000247159392587873
ENSCGRT00001023329,0.00024643526993624613
ENSCGRT00001018812,0.0002441320218108625
ENSCGRT00001000060,0.00024401969973964142
ENSCGRT00001014534,0.00024248201575599712
ENSCGRT00001001764,0.00024180302802015167
ENSCGRT00001006383,0.0002412873663293502
ENSCGRT00001032402,0.00024073600817786878
ENSCGRT00001020212,0.00024072825067976647
ENSCGRT00001018731,0.00024039832856248563
ENSCGRT00001006211,0.0002382010737281888
ENSCGRT00001029022,0.00023758041479560372
ENSCGRT00001029367,0.00023544026351195738
ENSCGRT00001014864,0.0002340217874930033
ENSCGRT00001008815,0.0002336003051106027
ENSCGRT00001024487,0.00023271127775005554
ENSCGRT00001029241,0.00023082316843611194
ENSCGRT00001003568,0.000229584748943472
ENSCGRT00001024197,0.00022912862626020113
ENSCGRT00001027360,0.00022864382658196807
ENSCGRT00001012823,0.0002277144344041264
ENSCGRT00001007139,0.00022721702775710322
ENSCGRT00001024242,0.00022691714371358195
ENSCGRT00001023853,0.00022674381636675814
ENSCGRT00001018240,0.00022659371774855382
ENSCGRT00001023050,0.00022600972724529588
ENSCGRT00001022221,0.00022520154190739522
ENSCGRT00001028293,0.00022520030773647424
ENSCGRT00001025590,0.0002249007798402494
ENSCGRT00001010071,0.00022417432103812376
ENSCGRT00001017344,0.00022352825150063826
ENSCGRT00001003629,0.00022345176988200813
ENSCGRT00001000517,0.00022196023470834748
ENSCGRT00001023148,0.00022098862776434144
ENSCGRT00001023125,0.00022084141258053874
ENSCGRT00001019809,0.00022041588202108983
ENSCGRT00001018429,0.00021939921047305197
ENSCGRT00001021508,0.0002178756048447692
ENSCGRT00001016624,0.00021754791036444996
ENSCGRT00001001175,0.00021745001985965805
ENSCGRT00001003877,0.00021509984498951288
ENSCGRT00001014698,0.00021494176687813653
ENSCGRT00001016442,0.0002147620404673713
ENSCGRT00001003578,0.0002147098991253587
ENSCGRT00001016542,0.00021433520671337598
ENSCGRT00001024628,0.00021398729227224494
ENSCGRT00001012406,0.0002132193473546181
ENSCGRT00001020865,0.0002112618663918538
ENSCGRT00001020218,0.00021124797591558447
ENSCGRT00001026784,0.00021120983603316725
ENSCGRT00001002372,0.0002099414797269051
ENSCGRT00001025650,0.00020974780196995267
ENSCGRT00001015207,0.00020864600453424434
ENSCGRT00001008689,0.00020769193957472575
ENSCGRT00001028855,0.00020622213781621844
ENSCGRT00001012700,0.00020607270718546903
ENSCGRT00001021987,0.00020602862855034244
ENSCGRT00001021303,0.000204208683583936
ENSCGRT00001024512,0.00020367092738144817
ENSCGRT00001017721,0.000202897520160231
ENSCGRT00001031129,0.0002028293935209634
ENSCGRT00001022641,0.00020249063657350945
ENSCGRT00001022990,0.00020230602127777893
ENSCGRT00001016780,0.0002022308684564783
ENSCGRT00001004606,0.00020220220714372108
ENSCGRT00001027592,0.0002021638335750364
ENSCGRT00001015366,0.00020210606898705619
ENSCGRT00001016704,0.00020188054346892761
ENSCGRT00001013990,0.00020153717676451305
ENSCGRT00001022108,0.0002009987670417495
ENSCGRT00001002292,0.00019915319338433316
ENSCGRT00001029207,0.0001989487987023247
ENSCGRT00001026918,0.00019726910631529904
ENSCGRT00001006238,0.0001968818176980791
ENSCGRT00001023618,0.00019681947936007712
ENSCGRT00001003404,0.0001961894696358291
ENSCGRT00001017634,0.00019455856851572956
ENSCGRT00001014349,0.00019451230488337992
ENSCGRT00001031488,0.0001945123048833798
ENSCGRT00001022178,0.00019422549088605814
ENSCGRT00001011821,0.00019296547371882257
ENSCGRT00001008051,0.0001918402340007076
ENSCGRT00001017908,0.00019161138950844403
ENSCGRT00001024474,0.00019134920716480482
ENSCGRT00001025449,0.00019099922616844727
ENSCGRT00001018138,0.00019057108438912912
ENSCGRT00001000868,0.0001905008821448021
ENSCGRT00001022965,0.00018969485194950141
ENSCGRT00001027361,0.00018864628820960722
ENSCGRT00001021056,0.0001864424906399573
ENSCGRT00001022984,0.0001859443025737088
ENSCGRT00001030748,0.000185074428495481
ENSCGRT00001016931,0.00018457254452597022
ENSCGRT00001014060,0.00018399532710280405
ENSCGRT00001021356,0.0001837158914686055
ENSCGRT00001017583,0.0001833848809297503
ENSCGRT00001029964,0.00018085325982007883
ENSCGRT00001026015,0.0001804420825181776
ENSCGRT00001021279,0.00017989960209122258
ENSCGRT00001005426,0.000179414222162005
ENSCGRT00001003269,0.0001786536615678243
ENSCGRT00001022297,0.00017835685782929868
ENSCGRT00001016861,0.00017825255332202373
ENSCGRT00001015277,0.0001774035317200787
ENSCGRT00001006442,0.00017715509933570686
ENSCGRT00001023834,0.00017623799814744026
ENSCGRT00001019387,0.00017606986899563267
ENSCGRT00001029312,0.00017588881374617233
ENSCGRT00001023108,0.00017555891177832737
ENSCGRT00001000076,0.00017355672513751666
ENSCGRT00001001717,0.00017288245833640135
ENSCGRT00001025406,0.00017270026206639842
ENSCGRT00001022874,0.00017270026206639842
ENSCGRT00001027949,0.00017234489798659516
ENSCGRT00001020485,0.00017173338140973537
ENSCGRT00001023161,0.00017158172708579605
ENSCGRT00001027693,0.00017137139565204219
ENSCGRT00001032248,0.00017054343087220778
ENSCGRT00001008714,0.00017048427527226
ENSCGRT00001025794,0.00017000624396889375
ENSCGRT00001018623,0.00017000624396889364
ENSCGRT00001013706,0.00017000624396889364
ENSCGRT00001024738,0.00016984772044735823
ENSCGRT00001016438,0.00016964837450451404
ENSCGRT00001000231,0.0001696131039466819
ENSCGRT00001023199,0.00016721763059357613
ENSCGRT00001002430,0.00016712535170123455
ENSCGRT00001027295,0.00016628820960698734
ENSCGRT00001021755,0.00016608290562722527
ENSCGRT00001020661,0.00016574519283949404
ENSCGRT00001019347,0.00016551016551016534
ENSCGRT00001007425,0.00016484127968426112
ENSCGRT00001013648,0.0001640030631259938
ENSCGRT00001030957,0.00016305736203259667
ENSCGRT00001014140,0.0001628986653945056
ENSCGRT00001018194,0.00016194012493354635
ENSCGRT00001009808,0.00016137155436944187
ENSCGRT00001015659,0.00016124471811627307
ENSCGRT00001004000,0.0001612066003319174
ENSCGRT00001019994,0.00015909512330799288
ENSCGRT00001011837,0.00015866678028412417
ENSCGRT00001026520,0.0001581806342062532
ENSCGRT00001007493,0.00015585045836629476
ENSCGRT00001021659,0.00015551220720511514
ENSCGRT00001018307,0.0001540115450232537
ENSCGRT00001012550,0.00015363132242168735
ENSCGRT00001024496,0.00015359017022910541
ENSCGRT00001018929,0.0001531547825387974
ENSCGRT00001000401,0.00015131897945346956
ENSCGRT00001027326,0.00015048135339751391
ENSCGRT00001015786,0.00014875546347278205
ENSCGRT00001029667,0.00014659887846346756
ENSCGRT00001001486,0.00014362754187527052
ENSCGRT00001015990,0.00014289013780891593
ENSCGRT00001032312,0.00014157594249127557
ENSCGRT00001020317,0.00014157401888373417
ENSCGRT00001018502,0.00014042933810375682
ENSCGRT00001031748,0.00014001542695748034
ENSCGRT00001006931,0.00013869494385291217
ENSCGRT00001032347,0.000137334555080432
ENSCGRT00001012540,0.00013634299798923272
ENSCGRT00001008127,0.000134760101895347
ENSCGRT00001003206,0.00013439139895046715
ENSCGRT00001028108,0.0001339050983792559
ENSCGRT00001005923,0.00013288551401869166
ENSCGRT00001031099,0.00012986808178456236
ENSCGRT00001028505,0.00012913405420078718
ENSCGRT00001009452,0.00012782156061490565
ENSCGRT00001026984,0.00012599810529165037
ENSCGRT00001023455,0.0001241194880192241
ENSCGRT00001016265,0.00012229302152444763
ENSCGRT00001008976,0.00012068854687040838
ENSCGRT00001031695,0.00011680015255530192
ENSCGRT00001003913,0.00011521164709114987
ENSCGRT00001004739,0.00010892773971837828
ENSCGRT00001015355,0.00010726480366609793
ENSCGRT00001020017,0.0001040805701562164
ENSCGRT00001020753,9.834889398259443e-05
ENSCGRT00001016942,6.064468375547024e-18
ENSCGRT00001019713,5.346625325191082e-18
ENSCGRT00001016428,4.748614161291413e-18
ENSCGRT00001028509,3.842551223223503e-18
ENSCGRT00001014957,3.56359083578066e-18
ENSCGRT00001022138,3.427405013235794e-18
ENSCGRT00001030969,3.0153156361797648e-18
ENSCGRT00001023835,2.7014163494440506e-18
ENSCGRT00001024087,2.540012804187543e-18
ENSCGRT00001012160,2.3708130589654887e-18
ENSCGRT00001027546,2.3656576951913216e-18
ENSCGRT00001019696,2.3029006355799607e-18
ENSCGRT00001028367,2.143651789393498e-18
ENSCGRT00001023965,2.1170002223120306e-18
ENSCGRT00001029572,2.1124076640921647e-18
ENSCGRT00001011071,1.8893151477665744e-18
ENSCGRT00001027248,1.842629849931336e-18
ENSCGRT00001018204,1.7603468292840424e-18
ENSCGRT00001013399,1.720304037987035e-18
ENSCGRT00001024570,1.6565045195601683e-18
ENSCGRT00001001065,1.6127888096278934e-18
ENSCGRT00001030803,1.548346891942031e-18
ENSCGRT00001025437,1.5202871231031328e-18
ENSCGRT00001002793,1.5202871231031328e-18
ENSCGRT00001004535,1.3483491862373543e-18
ENSCGRT00001026880,1.3472463038866175e-18
ENSCGRT00001028676,1.3061931885793595e-18
ENSCGRT00001029832,1.291496107470786e-18
ENSCGRT00001019509,1.2755908787131092e-18
ENSCGRT00001015699,1.234991852375303e-18
ENSCGRT00001024498,1.225741911163526e-18
ENSCGRT00001024533,1.2236900280194027e-18
ENSCGRT00001030939,1.1292330698608315e-18
ENSCGRT00001007541,1.10890927937345e-18
ENSCGRT00001013820,1.1014515765223008e-18
ENSCGRT00001017084,1.0564372392554415e-18
ENSCGRT00001025983,1.0496195265369855e-18
ENSCGRT00001017568,1.0496195265369851e-18
ENSCGRT00001024054,9.952066820686416e-19
ENSCGRT00001002304,9.782406215868476e-19
ENSCGRT00001001345,9.76217141926966e-19
ENSCGRT00001028029,9.724108824187702e-19
ENSCGRT00001031100,9.621743728875115e-19
ENSCGRT00001022296,9.509227921923389e-19
ENSCGRT00001029798,9.4930032795993e-19
ENSCGRT00001029246,9.372656581583324e-19
ENSCGRT00001016517,9.204244494465845e-19
ENSCGRT00001000927,9.060245917544407e-19
ENSCGRT00001013779,8.920230559336393e-19
ENSCGRT00001025591,8.845586809245252e-19
ENSCGRT00001013477,8.717809973140731e-19
ENSCGRT00001014856,8.540974083842742e-19
ENSCGRT00001018725,8.393644930373376e-19
ENSCGRT00001027484,8.225577423370896e-19
ENSCGRT00001000045,8.135102556885609e-19
ENSCGRT00001022508,7.608890209135026e-19
ENSCGRT00001030163,7.564115430610351e-19
ENSCGRT00001012973,7.55832138090528e-19
ENSCGRT00001016461,7.541528624013416e-19
ENSCGRT00001031442,7.483578455791756e-19
ENSCGRT00001010442,7.360783924144791e-19
ENSCGRT00001014847,7.062781451719475e-19
ENSCGRT00001024174,7.025738824641077e-19
ENSCGRT00001032301,6.952784250110242e-19
ENSCGRT00001002211,6.915222901138724e-19
ENSCGRT00001012507,6.813271997958697e-19
ENSCGRT00001007097,6.7810647088199e-19
ENSCGRT00001006923,6.6580460552481855e-19
ENSCGRT00001026578,6.286927571702872e-19
ENSCGRT00001024884,6.21354993395582e-19
ENSCGRT00001016629,6.006936332915845e-19
ENSCGRT00001025485,5.634331942695688e-19
ENSCGRT00001027059,4.976033410343208e-19
ENSCGRT00001020971,4.858100015881287e-19
ENSCGRT00001024962,4.4891398633875e-19
ENSCGRT00001031477,4.176633129309351e-19
ENSCGRT00001026491,3.9682103637000995e-19
ENSCGRT00001013677,3.7721565430217234e-19
ENSCGRT00001001937,3.6061947013939616e-19
ENSCGRT00001011641,3.2654829714483983e-19
ENSCGRT00001000565,3.240987103487286e-19
ENSCGRT00001000526,3.0945558274792546e-19
ENSCGRT00001023428,2.9387194052035727e-19
ENSCGRT00001021201,2.663803779801576e-19
ENSCGRT00001022173,2.603232818203395e-19
ENSCGRT00001000262,2.352915321535118e-19
ENSCGRT00001016296,2.3524249133871817e-19
ENSCGRT00001021032,2.3027991476849405e-19
ENSCGRT00001008409,2.200345437117927e-19
ENSCGRT00001014102,2.1759849018789043e-19
ENSCGRT00001020543,2.051845960114922e-19
ENSCGRT00001004987,2.0206073517260215e-19
ENSCGRT00001028123,2.0073539498974507e-19
ENSCGRT00001027861,1.9538037926438352e-19
ENSCGRT00001007825,1.749365877561642e-19
ENSCGRT00001013802,1.7073283363432932e-19
ENSCGRT00001015847,1.609014888059629e-19
ENSCGRT00001030606,1.5532409294795333e-19
ENSCGRT00001013771,1.331901889900788e-19
ENSCGRT00001019027,1.3253483830450971e-19
ENSCGRT00001030779,1.2673166224239223e-19
ENSCGRT00001005393,1.1762124566935908e-19
ENSCGRT00001019975,1.174678067618255e-19
ENSCGRT00001022099,1.1421931043344048e-19
ENSCGRT00001011449,1.1329226635637298e-19
ENSCGRT00001024093,1.0885769160803756e-19
ENSCGRT00001022124,1.080329034495762e-19
ENSCGRT00001021566,1.0125523389502192e-19
ENSCGRT00001021836,9.671044008350687e-20
ENSCGRT00001020505,9.384974393300138e-20
